,filename,count,crowded
2847,Jacks_2021_02_19_1120am_frame_25_right_jpg.rf.fa6d08b7e720ef51e995ae0f16703f3c.jpg,9,1
12316,TStreetOverview_2021_02_19_1214pm_frame_21_right_jpg.rf.bcf9669ac4a16b765eb074d9a2513e9b.jpg,1,0
4189,LowerTrestles_2021_02_19_0151pm_frame_26_right_jpg.rf.79113e1e29bf16e5ca4c7fc1e3fe4ea0.jpg,1,0
4250,LowerTrestles_2021_02_19_1100am_frame_15_left_jpg.rf.d5317b3f45cfa3f51b4ff90d86ea7975.jpg,12,1
9773,SteamerLane_2021_02_19_1136am_frame_9_left_jpg.rf.f46e08e751378cfa126e3e5ed7099901.jpg,2,0
434,Church_2021_02_19_0132pm_frame_9_right_jpg.rf.b9e67c26c52670450c3634f009bb8ced.jpg,1,0
192,Church_2021_02_19_0112pm_frame_5_right_jpg.rf.8783a3a113339912c8469b421635ab8e.jpg,1,0
410,Church_2021_02_19_0132pm_frame_29_left_jpg.rf.c0c9103ff2fe4ed646451267533a068a.jpg,3,1
7245,SaltCreekOverview_2021_02_19_1111am_frame_28_left_jpg.rf.074950fcbdfa1eb53010377785ad269f.jpg,10,1
7120,SaltCreekOverview_2021_02_19_0152pm_frame_18_left_jpg.rf.fdde00bf6955528f6df909f721d25643.jpg,1,0
3671,Jacks_2021_02_19_1250pm_frame_17_right_jpg.rf.b54f143d0526b59437431894c6a08617.jpg,8,1
10210,Strands_2021_02_19_0102pm_frame_13_right_jpg.rf.74043493e3be08a37a8adb4e2e54b0dd.jpg,2,0
7678,SaltCreekOverview_2021_02_19_1232pm_frame_12_right_jpg.rf.23bcff6da393dd75b53a59c762309a51.jpg,1,0
3489,Jacks_2021_02_19_1230pm_frame_21_right_jpg.rf.d9d3efbc3a0ba5f07f522240deeb8154.jpg,14,1
1568,Church_2021_02_19_1242pm_frame_13_right_jpg.rf.9f7c11fe8eb62395d4d2d5a0335e501b.jpg,1,0
7033,SaltCreekOverview_2021_02_19_0132pm_frame_4_left_jpg.rf.89b37aa7a6773a4ad66dade3e5b14b96.jpg,1,0
9172,SteamerLane_2021_02_19_0136pm_frame_17_right_jpg.rf.f2e17fc26381d9759a60515d918f677f.jpg,3,1
12525,TStreetOverview_2021_02_19_1234pm_frame_25_right_jpg.rf.20eb3fde3d7f10031abb9beb984a4e81.jpg,2,0
11551,TStreetOverview_2021_02_19_0144pm_frame_26_right_jpg.rf.4340eca7b118e390086063bd4e93561b.jpg,2,0
1773,Hightower_frame_10_right_jpg.rf.d201b9a39f302262200d93f12838818e.jpg,1,0
12146,TStreetOverview_2021_02_19_1154am_frame_22_right_jpg.rf.4a52ebe307467853a7437bd53e5781b7.jpg,2,0
4448,LowerTrestles_2021_02_19_1120am_frame_32_left_jpg.rf.fbdcbb9e7adf940757aaf9bf7116f6ce.jpg,4,1
3228,Jacks_2021_02_19_1200pm_frame_23_left_jpg.rf.dfdb594505a5fee659564a06a3dc9b78.jpg,6,1
10944,Strands_2021_02_19_1222pm_frame_4_left_jpg.rf.15ac9af0474f23b5fb41c129358fc1cd.jpg,2,0
6958,SaltCreekOverview_2021_02_19_0122pm_frame_20_left_jpg.rf.8f06c95d595b649f2b57a50b9ca89f8f.jpg,4,1
12670,TStreetOverview_2021_02_19_1254pm_frame_16_left_jpg.rf.cb733b0fb538e6f412f2c4425974b87a.jpg,1,0
11921,TStreetOverview_2021_02_19_1124am_frame_5_left_jpg.rf.db174f08c600c0f628ede5c1c4907c3e.jpg,3,1
7579,SaltCreekOverview_2021_02_19_1212pm_frame_28_left_jpg.rf.95750304598cdf90932439261fc6f237.jpg,3,1
2440,Jacks_2021_02_19_0150pm_frame_13_left_jpg.rf.11e598009318e99b1459ea7cce111aa8.jpg,3,1
12441,TStreetOverview_2021_02_19_1224pm_frame_27_left_jpg.rf.7653c0b898d287f69ec374a497462456.jpg,1,0
10232,Strands_2021_02_19_0102pm_frame_6_left_jpg.rf.103fbdf9d474c1aa156e6076e28ea1e4.jpg,6,1
12001,TStreetOverview_2021_02_19_1134am_frame_3_right_jpg.rf.c7dd495b2d7823f10e937e03a858da8c.jpg,5,1
13457,UpperTrestles_2021_02_19_1133am_frame_17_left_jpg.rf.d2939e5d460582c09c4448eea97be106.jpg,1,0
2620,Jacks_2021_02_19_1100am_frame_17_right_jpg.rf.545207d85a7d92ba8048d76f8091dd74.jpg,12,1
12017,TStreetOverview_2021_02_19_1134am_frame_8_left_jpg.rf.7798910d061f58efc9c966fe54081a2a.jpg,4,1
13689,UpperTrestles_2021_02_19_1203pm_frame_25_left_jpg.rf.5ee22e2aa507aec4acbd06b24edede28.jpg,6,1
9999,SteamerLane_2021_02_19_1226pm_frame_15_right_jpg.rf.92cba9d18c65f74e7d87ab75c1bf5ecf.jpg,4,1
913,Church_2021_02_19_1131am_frame_28_left_jpg.rf.d9c46dc9c0fc171c6e2108f7d25ba39f.jpg,7,1
6610,PlesurePoint_2021_02_19_1237pm_frame_31_left_jpg.rf.c6828763887ab66f35651bf37249d79b.jpg,8,1
12908,UpperTrestles_2021_02_19_0123pm_frame_14_right_jpg.rf.b23d1f419066c4f9bfaa476d880e7f51.jpg,3,1
2576,Jacks_2021_02_19_0200pm_frame_26_right_jpg.rf.879a06f10038ceba54859b3ba1940c97.jpg,4,1
678,Church_2021_02_19_1111am_frame_25_right_jpg.rf.cf258eb68cba579df0984c9a339126e9.jpg,2,0
1914,Hightower_frame_28_left_jpg.rf.a2ef1f31234543db2b40dca2d7603919.jpg,1,0
12791,UpperTrestles_2021_02_19_0103pm_frame_30_right_jpg.rf.762cd4a32ff72106810058bf728e1514.jpg,2,0
1292,Church_2021_02_19_1212pm_frame_22_left_jpg.rf.9db303e1a8af1f8d1c16b9156e86ce51.jpg,1,0
10125,SteamerLane_2021_02_19_1246pm_frame_13_right_jpg.rf.d3d20724de382ea0903ea1b4a997408e.jpg,2,0
1987,Jacks_2021_02_19_0100pm_frame_10_left_jpg.rf.1524b9b321fba3631df48d27a62b5a30.jpg,2,0
1662,Church_2021_02_19_1252pm_frame_11_right_jpg.rf.ba33a3091fbd54525771266692281bff.jpg,3,1
7992,SanClementeStateBeach_2021_02_19_0124pm_frame_15_right_jpg.rf.f0091578ff93375d0646d4088fe0ea59.jpg,5,1
12926,UpperTrestles_2021_02_19_0123pm_frame_2_right_jpg.rf.f4b8f6c64629472a1eca37af10fced43.jpg,1,0
10544,Strands_2021_02_19_1111am_frame_13_right_jpg.rf.65d869fd8b973ddb34a909aab12c90f8.jpg,2,0
10999,Strands_2021_02_19_1232pm_frame_5_left_jpg.rf.e67c1595b41d431e52a36ed46cff167b.jpg,3,1
2769,Jacks_2021_02_19_1110am_frame_8_left_jpg.rf.12f7aade64dc157eae16b6c211d2a12e.jpg,4,1
15,Church_2021_02_19_0102pm_frame_14_left_jpg.rf.e6927b3b129ef8836cc386d528ec5803.jpg,8,1
1827,Hightower_frame_16_left_jpg.rf.e0effed9f33b1812bc2276c7a72a4983.jpg,2,0
13193,UpperTrestles_2021_02_19_0153pm_frame_31_left_jpg.rf.f3029046f94d0c3964e52d8ed4853c57.jpg,10,1
4339,LowerTrestles_2021_02_19_1110am_frame_23_left_jpg.rf.0636f4adfc057ff33fc33fdf6f2cd0eb.jpg,15,1
1841,Hightower_frame_18_right_jpg.rf.2110b5240b1f04df89e36906b5c7db17.jpg,1,0
315,Church_2021_02_19_0122pm_frame_9_left_jpg.rf.74b3fc7ab8230281576841becfc1c053.jpg,8,1
69,Church_2021_02_19_0102pm_frame_3_right_jpg.rf.5a8e151efb333fe9c46d97d82f49ceb0.jpg,2,0
10063,SteamerLane_2021_02_19_1236pm_frame_17_left_jpg.rf.5defdc77ce6c8cc1bfa29f6a5c33fb6d.jpg,4,1
955,Church_2021_02_19_1141am_frame_15_left_jpg.rf.fb77b76fa23b669b364a2e3d3fd02b8f.jpg,10,1
13360,UpperTrestles_2021_02_19_1113am_frame_8_left_jpg.rf.18e0727c64c56187ffe57e805571b7a7.jpg,14,1
6366,PlesurePoint_2021_02_19_1207pm_frame_5_left_jpg.rf.9bc8830b577215aa61a044559df121fc.jpg,1,0
389,Church_2021_02_19_0132pm_frame_25_right_jpg.rf.72a490e670e7b520b872cb76144c164e.jpg,1,0
987,Church_2021_02_19_1141am_frame_20_right_jpg.rf.175e5271b97fabd0b1ef0b02e4d0ea76.jpg,1,0
13580,UpperTrestles_2021_02_19_1143am_frame_4_right_jpg.rf.a449cfbf16f63cbab81a2a6857999c52.jpg,2,0
12155,TStreetOverview_2021_02_19_1154am_frame_28_right_jpg.rf.707fe6792c3dec4125ba361a4846855e.jpg,5,1
2736,Jacks_2021_02_19_1110am_frame_26_right_jpg.rf.7f7118115434b9f6f53dabf60d36b52a.jpg,11,1
7647,SaltCreekOverview_2021_02_19_1222pm_frame_21_left_jpg.rf.aeb6272e20a648b6d3448e2e50c4259d.jpg,1,0
13522,UpperTrestles_2021_02_19_1143am_frame_16_left_jpg.rf.e3ed268fc519ef4d8886ddcca9177f6e.jpg,19,1
13777,UpperTrestles_2021_02_19_1213pm_frame_2_right_jpg.rf.a69dbc31f11c7128c28c0edceb3fd77a.jpg,1,0
269,Church_2021_02_19_0122pm_frame_25_left_jpg.rf.4c4db615e6035c10c9470e943414c6cd.jpg,2,0
3512,Jacks_2021_02_19_1230pm_frame_2_right_jpg.rf.0c18b90047cb9c5534dc228846ee98c7.jpg,6,1
10466,Strands_2021_02_19_0152pm_frame_29_left_jpg.rf.cc54340c65d53f94c6bc14b76406a536.jpg,1,0
1938,Hightower_frame_32_left_jpg.rf.396838dd3907478fb531fe7686285eee.jpg,4,1
9562,SteamerLane_2021_02_19_1116am_frame_27_left_jpg.rf.137df622b567479318830a750e9d2795.jpg,6,1
750,Church_2021_02_19_1121am_frame_10_left_jpg.rf.f17ce99c0017fab1a5ca532c6e6dc552.jpg,6,1
10774,Strands_2021_02_19_1202pm_frame_10_right_jpg.rf.028e9bd5096c6f10bea0eb5478a6a873.jpg,4,1
13204,UpperTrestles_2021_02_19_0153pm_frame_6_left_jpg.rf.3a02c51c69716300ab9ec605b01acbb1.jpg,15,1
11696,TStreetOverview_2021_02_19_1104am_frame_19_left_jpg.rf.bdcfa6e6ebd2703775c114a9e85d8fff.jpg,4,1
137,Church_2021_02_19_0112pm_frame_22_left_jpg.rf.019b80de9060f85aad190ffa98c3a3e3.jpg,5,1
1776,Hightower_frame_11_left_jpg.rf.3cf65698fc96c7cae919b54f6285fc8d.jpg,1,0
1500,Church_2021_02_19_1232pm_frame_26_left_jpg.rf.0bfedb9838b16ad13a9bd3a2497c6d01.jpg,6,1
2072,Jacks_2021_02_19_0100pm_frame_8_left_jpg.rf.317d668cf800ae1408046cfbe42a2c48.jpg,2,0
6068,PlesurePoint_2021_02_19_1137am_frame_4_left_jpg.rf.a7d76df1e2808f1db20b9d50055558ec.jpg,5,1
7354,SaltCreekOverview_2021_02_19_1131am_frame_3_left_jpg.rf.06e15b3eb964134f34a48f176f8b0a61.jpg,7,1
13333,UpperTrestles_2021_02_19_1113am_frame_26_right_jpg.rf.3b6387b6c2a444d642844fd75aaef684.jpg,3,1
11600,TStreetOverview_2021_02_19_0154pm_frame_23_left_jpg.rf.00781edc7b0e0644df3d06711687a1e7.jpg,1,0
329,Church_2021_02_19_0122pm_frame_9_right_jpg.rf.e30e59b5aab441c51318596098bb5586.jpg,6,1
11759,TStreetOverview_2021_02_19_1104am_frame_31_right_jpg.rf.b4e9de7bf89dbc9f900a1cbcd6a8614c.jpg,2,0
2800,Jacks_2021_02_19_1120am_frame_15_right_jpg.rf.0b2108d8819e27642ebd03b56656529d.jpg,8,1
5847,PlesurePoint_2021_02_19_1107am_frame_2_left_jpg.rf.d3c720500f2d997895a5003fd9ae6987.jpg,6,1
9627,SteamerLane_2021_02_19_1126am_frame_14_left_jpg.rf.62e46810a74deb1e945881acbbc14616.jpg,1,0
7484,SaltCreekOverview_2021_02_19_1151am_frame_9_left_jpg.rf.f7b1ae033617d3fc5a22aefb15b3679e.jpg,5,1
13582,UpperTrestles_2021_02_19_1143am_frame_4_right_jpg.rf.c94d3439ecb3f084762db2aee5345f73.jpg,3,1
9784,SteamerLane_2021_02_19_1146am_frame_11_right_jpg.rf.f338f927b2ed53c798c6c9f0f0898f62.jpg,2,0
8810,SanClementeStateBeach_2021_02_19_1244pm_frame_7_right_jpg.rf.ca4f187e7062e9e2ea4fa1fdf70f8333.jpg,4,1
1509,Church_2021_02_19_1232pm_frame_26_right_jpg.rf.21091b6d201059c203a40fe27d5584db.jpg,2,0
3789,LowerTrestles_2021_02_19_0101pm_frame_28_right_jpg.rf.4479259ca2276e2be04c89a7143747e5.jpg,3,1
24212,Strands_2021_02_19_1222pm_frame_13_right_jpg.rf.d2667ea5696f30f008b046fdb0f521c6.jpg,0,0
20502,SteamerLane_2021_02_19_1116am_frame_4_left_jpg.rf.9326c9290646915a76b8a2256ee77e9b.jpg,0,0
2447,Church_2021_02_19_1232pm_frame_29_right_jpg.rf.ef67910498edbe10e90eaedc1c6799c6.jpg,0,0
24038,Strands_2021_02_19_1212pm_frame_13_right_jpg.rf.368ba0f5427310448506a01b51706fc0.jpg,0,0
26084,TStreetOverview_2021_02_19_1114am_frame_31_left_jpg.rf.83cd246ca9990733624f39c13091b089.jpg,0,0
14454,SaltCreekOverview_2021_02_19_1121am_frame_9_right_jpg.rf.75b6cf62f7174304e820dc80cb2e7272.jpg,0,0
17491,SanClementeStateBeach_2021_02_19_1124am_frame_27_left_jpg.rf.8500e1e596e1e24126155a6fda5c513b.jpg,0,0
7726,LowerTrestles_2021_02_19_1100am_frame_13_left_jpg.rf.c641193f7d02408f1849b97ad01f907a.jpg,0,0
13343,SaltCreekOverview_2021_02_19_0122pm_frame_18_right_jpg.rf.fb6e9b7dd27327938462237c11fa503f.jpg,0,0
9231,LowerTrestles_2021_02_19_1231pm_frame_25_left_jpg.rf.5489a72c5a4d0457400b920a144a8418.jpg,0,0
3837,Jacks_2021_02_19_0120pm_frame_7_left_jpg.rf.ea35c5e10fecba6ce9413adb73a65f4d.jpg,0,0
20362,SteamerLane_2021_02_19_1116am_frame_13_right_jpg.rf.f460506951f2f4fc786450222a03ac4b.jpg,0,0
24986,TStreetOverview_2021_02_19_0114pm_frame_11_left_jpg.rf.40a7683b57f396e2bca2abd5b2f163a9.jpg,0,0
22153,Strands_2021_02_19_0122pm_frame_21_left_jpg.rf.5153b7354472ae0d0bf56e4581b39984.jpg,0,0
21499,SteamerLane_2021_02_19_1236pm_frame_20_left_jpg.rf.c34032483bc97a4cd6296e8e4fbbe145.jpg,0,0
28420,UpperTrestles_2021_02_19_0133pm_frame_28_left_jpg.rf.5e8cde720b4063b48ea2d260fc4e97e2.jpg,0,0
18499,SanClementeStateBeach_2021_02_19_1224pm_frame_23_right_jpg.rf.7894a2f5f30be92c35d2b4c43a7c4c05.jpg,0,0
25559,TStreetOverview_2021_02_19_0144pm_frame_17_left_jpg.rf.fc87c4781dd9c4bb31a6a3a55735f63b.jpg,0,0
13284,SaltCreekOverview_2021_02_19_0122pm_frame_16_right_jpg.rf.42858140dd439aa10136871d20c600d7.jpg,0,0
6934,LowerTrestles_2021_02_19_0111pm_frame_7_left_jpg.rf.be5583cb8f733a98474f787a95d16ba0.jpg,0,0
15513,SaltCreekOverview_2021_02_19_1232pm_frame_12_left_jpg.rf.b805492c48a21965235e98ef40bc344e.jpg,0,0
24928,TStreetOverview_2021_02_19_0104pm_frame_22_left_jpg.rf.6bbf46c9cb63cfd316d985df57bfea2a.jpg,0,0
18891,SanClementeStateBeach_2021_02_19_1244pm_frame_25_right_jpg.rf.2808d74309027b726d41f83322b7831b.jpg,0,0
7177,LowerTrestles_2021_02_19_0131pm_frame_11_left_jpg.rf.1519b8bb8dff0608cd676da2fc4cff1d.jpg,0,0
6742,LowerTrestles_2021_02_19_0101pm_frame_4_right_jpg.rf.f9eb8ed5b8022db54f2e44ac32f1f4e0.jpg,0,0
7645,LowerTrestles_2021_02_19_0151pm_frame_3_right_jpg.rf.24f3819bd733e429e182c0b03e365033.jpg,0,0
26028,TStreetOverview_2021_02_19_1114am_frame_26_left_jpg.rf.491a368ceb1209d4e64f77113db64ceb.jpg,0,0
26350,TStreetOverview_2021_02_19_1134am_frame_18_right_jpg.rf.ad3e2479af455f4719dbb346b987e40c.jpg,0,0
10659,PlesurePoint_2021_02_19_0147pm_frame_20_left_jpg.rf.585edffa668564835e82e710bcf18f82.jpg,0,0
22745,Strands_2021_02_19_0152pm_frame_5_right_jpg.rf.866cd18724b2a40cd52cb6166b879ccb.jpg,0,0
1745,Church_2021_02_19_1151am_frame_25_left_jpg.rf.7988b8dc9ac1e73fed34cdf835a6136e.jpg,0,0
26174,TStreetOverview_2021_02_19_1124am_frame_16_left_jpg.rf.248d5eee053a7c6c78238f166f9bda08.jpg,0,0
5808,Jacks_2021_02_19_1210pm_frame_25_left_jpg.rf.00348648d5c5691549e74a4bddcfdd4b.jpg,0,0
33484,LowerTrestles_2021_02_19_1231pm_frame_27_left_jpg.rf.515108fcd587221a1775a75725394972.jpg,0,0
35192,UpperTrestles_2021_02_19_0123pm_frame_14_left_jpg.rf.ae94e98fed05aa0c08c019e0c38c04c1.jpg,0,0
10271,PlesurePoint_2021_02_19_0117pm_frame_3_right_jpg.rf.ed247621cfe1253e590795205fff0542.jpg,0,0
13586,SaltCreekOverview_2021_02_19_0132pm_frame_7_right_jpg.rf.0963e74c7dee70f74e397c121e741560.jpg,0,0
22764,Strands_2021_02_19_1101am_frame_11_left_jpg.rf.3eded2f9fbad01b27bd361111543b37c.jpg,0,0
34524,SteamerLane_2021_02_19_1216pm_frame_19_left_jpg.rf.8d357906534297960ca6f57d3921bc86.jpg,0,0
16302,SanClementeStateBeach_2021_02_19_0114pm_frame_28_right_jpg.rf.9f3d7b3527cfe5e97fdf7faca2d6e3cd.jpg,0,0
14992,SaltCreekOverview_2021_02_19_1202pm_frame_17_right_jpg.rf.8f4905a1b19a55e3893ddd40e803d722.jpg,0,0
33618,PlesurePoint_2021_02_19_0127pm_frame_14_left_jpg.rf.318de298318eaa6224d15a8107f44206.jpg,0,0
18372,SanClementeStateBeach_2021_02_19_1214pm_frame_25_left_jpg.rf.0082d72fc134763ef4d89a44d9d60dcf.jpg,0,0
130,Church_2021_02_19_0102pm_frame_3_left_jpg.rf.ec04d589988a4539fa093598d1035036.jpg,0,0
8379,LowerTrestles_2021_02_19_1140am_frame_14_right_jpg.rf.79fafb9759aee469a61312c375b8de27.jpg,0,0
16256,SanClementeStateBeach_2021_02_19_0114pm_frame_16_right_jpg.rf.add477a280dc7141ef09eba0ade932b9.jpg,0,0
33773,PlesurePoint_2021_02_19_1147am_frame_9_left_jpg.rf.c475de27bed07d07d8990ddd7dcf3059.jpg,0,0
2508,Church_2021_02_19_1242pm_frame_13_right_jpg.rf.14135facc8556a363849a63331b55677.jpg,0,0
21562,SteamerLane_2021_02_19_1236pm_frame_31_left_jpg.rf.ed0e834ca97d32fa827eeab7d7269e26.jpg,0,0
6252,Jacks_2021_02_19_1240pm_frame_20_left_jpg.rf.08eb3168fc4254067dbd8d6fd119c3eb.jpg,0,0
8565,LowerTrestles_2021_02_19_1151am_frame_11_left_jpg.rf.cf86bde95fd26e39ce08a48aabba65fc.jpg,0,0
3712,Jacks_2021_02_19_0110pm_frame_9_right_jpg.rf.5b49bf2daa9f7ce2360023dc78877ed9.jpg,0,0
18424,SanClementeStateBeach_2021_02_19_1214pm_frame_8_right_jpg.rf.8e35cc1ebfbef5d1514134894cabc1b6.jpg,0,0
28018,UpperTrestles_2021_02_19_0113pm_frame_15_left_jpg.rf.a609755160c6be4fdbeb1ac3a12d6482.jpg,0,0
2943,Hightower_frame_14_left_jpg.rf.36c73394477319db7a2d0dd2c5faf396.jpg,0,0
4781,Jacks_2021_02_19_1110am_frame_30_left_jpg.rf.53a3beb721066ee0c98392443a78d97b.jpg,0,0
23840,Strands_2021_02_19_1202pm_frame_18_left_jpg.rf.9c314682b694edd1074d34d1203c946d.jpg,0,0
14293,SaltCreekOverview_2021_02_19_1121am_frame_10_right_jpg.rf.3be453f6c9c60fa70bb0327898112108.jpg,0,0
31086,VenicePierSouthside_2021_03_30_1123am_frame_5_right_jpg.rf.99cc3425cd7aaf88172465f2aa17c3ed.jpg,0,0
17037,SanClementeStateBeach_2021_02_19_0154pm_frame_5_left_jpg.rf.bf8a5698592ccb9a17d5cc570e929349.jpg,0,0
29551,UpperTrestles_2021_02_19_1143am_frame_31_right_jpg.rf.711a2df05b85af0f4cb1350fbf31ec7f.jpg,0,0
242,Church_2021_02_19_0112pm_frame_22_left_jpg.rf.4d5e80b7fafeac9ca82c441c07c561fc.jpg,0,0
16184,SanClementeStateBeach_2021_02_19_0104pm_frame_27_right_jpg.rf.c2b343be47bc1c95ef0abdce489fbaf6.jpg,0,0
9375,LowerTrestles_2021_02_19_1241pm_frame_18_right_jpg.rf.73529ac8f452b7032847a5c20a583af2.jpg,0,0
30676,UpperTrestles_2021_02_19_1253pm_frame_9_right_jpg.rf.3466f79c72d45989a8e1f3a5c43453ab.jpg,0,0
31320,Jacks_2021_02_19_0200pm_frame_26_left_jpg.rf.66e7977ea283ccc9dc0ba002923e2ff1.jpg,0,0
12788,PlesurePoint_2021_02_19_1257pm_frame_22_right_jpg.rf.db9664fdfb2d313ab7bae344bf94c7a4.jpg,0,0
24591,Strands_2021_02_19_1242pm_frame_21_left_jpg.rf.53144e53e2ff9408db5b7bcbcd83ed2b.jpg,0,0
17256,SanClementeStateBeach_2021_02_19_1114am_frame_20_left_jpg.rf.080aebdd1aa5da42c0ef05cbe1d6248a.jpg,0,0
1976,Church_2021_02_19_1201pm_frame_5_right_jpg.rf.d015af1dbaaa4018b75158ca0abb3697.jpg,0,0
34127,SaltCreekOverview_2021_02_19_1241pm_frame_13_right_jpg.rf.262b5abc107ef2ab103ea9c93365015c.jpg,0,0
8579,LowerTrestles_2021_02_19_1151am_frame_17_left_jpg.rf.db841678b1e58da8d8490310e3f8fd9a.jpg,0,0
30065,UpperTrestles_2021_02_19_1213pm_frame_2_right_jpg.rf.4c81e1753941617e12a3ff82385626f0.jpg,0,0
18064,SanClementeStateBeach_2021_02_19_1154am_frame_8_right_jpg.rf.59b8b793bfa90997638bd7dc9ceddd57.jpg,0,0
29844,UpperTrestles_2021_02_19_1203pm_frame_24_right_jpg.rf.127a48a8ed9c3c6098860cf5cbf04c39.jpg,0,0
28559,UpperTrestles_2021_02_19_0143pm_frame_1_right_jpg.rf.f7a817fa15fba686ef56c90c593b9d20.jpg,0,0
130,Church_2021_02_19_0102pm_frame_3_left_jpg.rf.ec04d589988a4539fa093598d1035036.jpg,0,0
18841,SanClementeStateBeach_2021_02_19_1244pm_frame_14_right_jpg.rf.1ef6ef42966fe673549dfd2b4937f7fa.jpg,0,0
3744,Jacks_2021_02_19_0120pm_frame_14_right_jpg.rf.0c8b57359d9a21939b8d05a9fc47d6b0.jpg,0,0
18036,SanClementeStateBeach_2021_02_19_1154am_frame_6_right_jpg.rf.0fea2b3f9ca221af15f14c67b711e731.jpg,0,0
28420,UpperTrestles_2021_02_19_0133pm_frame_28_left_jpg.rf.5e8cde720b4063b48ea2d260fc4e97e2.jpg,0,0
24812,Strands_2021_02_19_1252pm_frame_8_right_jpg.rf.a3e28a66f82cf26cc2e8ba17fd051151.jpg,0,0
24884,TStreetOverview_2021_02_19_0104pm_frame_1_left_jpg.rf.bc082ad6db89f02167c69ba30ffc8fb9.jpg,0,0
14183,SaltCreekOverview_2021_02_19_1111am_frame_21_left_jpg.rf.dab821da9ef130be0a2c8d8abc2e940f.jpg,0,0
35249,UpperTrestles_2021_02_19_0153pm_frame_11_left_jpg.rf.f0710ce62aaa21500db5e87aceba5124.jpg,0,0
19469,SteamerLane_2021_02_19_0126pm_frame_18_right_jpg.rf.6c801a179591c40bcf4535d11b707544.jpg,0,0
17620,SanClementeStateBeach_2021_02_19_1134am_frame_25_right_jpg.rf.b5e4b98e6ca473d88e15963df53df5ca.jpg,0,0
3760,Jacks_2021_02_19_0120pm_frame_17_left_jpg.rf.47141b43cb4cd18289327f27114424ac.jpg,0,0
2451,Church_2021_02_19_1232pm_frame_30_left_jpg.rf.5f0cbf2867c078df8c4914f9e2ed3579.jpg,0,0
12157,PlesurePoint_2021_02_19_1217pm_frame_5_right_jpg.rf.282c6d5de47a745ab2d52bfea3ef4c28.jpg,0,0
19428,SteamerLane_2021_02_19_0126pm_frame_14_left_jpg.rf.0df73713693b177db00f3df08cc11212.jpg,0,0
28227,UpperTrestles_2021_02_19_0123pm_frame_31_right_jpg.rf.51146c0817e8d7057c76221e3c3a16c6.jpg,0,0
29318,UpperTrestles_2021_02_19_1133am_frame_20_right_jpg.rf.31ce7d239a4e69b51dc3827c681f856d.jpg,0,0
34561,SteamerLane_2021_02_19_1246pm_frame_20_right_jpg.rf.ee7678c470bf778f981f253a1263b978.jpg,0,0
18720,SanClementeStateBeach_2021_02_19_1234pm_frame_20_right_jpg.rf.06d1145baa5c81ac643f6fe73ccbc0e7.jpg,0,0
11844,PlesurePoint_2021_02_19_1157am_frame_3_right_jpg.rf.0c062cb08d168ada79be0f2d3e213c88.jpg,0,0
27864,UpperTrestles_2021_02_19_0103pm_frame_20_right_jpg.rf.14d93b51082454cdf00e4f6b73901400.jpg,0,0
32162,Strands_2021_02_19_0132pm_frame_16_left_jpg.rf.e3e939f58855b733114137f6fa3b0aa8.jpg,0,0
32150,Strands_2021_02_19_0122pm_frame_29_left_jpg.rf.b6c8f3fe1749f8b6590101d473688a48.jpg,0,0
17714,SanClementeStateBeach_2021_02_19_1144am_frame_10_right_jpg.rf.0a04ed31d63f23cb9bee7ffc4928621a.jpg,0,0
